Exercise_ID,Exercise_Name,Affected_Muscle,Gender,Goal,Exercise_area,Description,Link,Level,Sets,Reps,Rep_time,Rest_time,exercise_type
1,seated over triceps,forearm; tricep,male; female,Muscle gain,Gym; Home,"Sit up straight. Hold a dumbbell in both hands and raise it over your head with both hands. Exhale, slowly lower the dumbbells as deeply as possible. So that both arms are bent, pressing the biceps close. Inhale, slowly lift the weight up slowly. Return to original position.",https://www.youtube.com/watch?v=YUmEMt0vHlQ,Easy,3,12,3,60,Main
2,tricep dumbbell kick back,forearm; tricep,male,Muscle gain,Gym,"Hold a dumbbell in your left hand and kneel on the chair with your right leg. Right hand rests on the chair to create support. Hold the dumbbell in your left hand so that your biceps are pressed close to your body, your forearms are perpendicular to your body. Eyes look straight ahead.
Exhale, lift the weight, swing the weight back so that your arms are parallel to your body. The biceps remain stable and do not lock the elbow joint.
Inhale and hold your hands still for 1 beat. Return the dumbbells and arms to the starting position.
",https://www.youtube.com/watch?v=m_UlDFNX4mk,Easy,3,12,3,60,Main
3,double pull up,forearm; bicep; upper back,male,Muscle gain,Gym,"Stand straight, holding 2 horizontal bars with both hands. The legs are slightly closed in a V shape. Bend your thighs until your knees bend about 90 degrees. Tighten your  chest and shoulder muscles, use force from your arms to swing your body up so that your arms are almost completely straight
Slowly lower your body until your elbows bend at an angle of about 90 degrees, then stop.",https://www.youtube.com/watch?v=w9Mu-azxol8,Difficulty,2,8,3,60,Main
4,bench dip,tricep,male; female,Muscle gain,Gym; Home,"Put your hands on the back of the chair, with your hands shoulder-width apart. Exhale, lower your body but don't let your butt touch the ground. Keep your forearms steady, your biceps will now be parallel to the floor then stop. Inhale, push yourself up slowly.",https://www.youtube.com/watch?v=yvAzWxRsnqU,Easy,3,12,3,60,Main
5,dumbbell floor press,middle chest; tricep,male,Muscle gain,Home,"You lie on the exercise chair. Both feet are placed on the floor. Grab the barbell with both hands, the distance between your hands is slightly wider than your shoulders. Place dumbbells on your  chest. Exhale, tighten your  chest muscles, push the dumbbells up so that your arms are straight but don't lock your elbow joints. Inhale, slowly lower the barbell, expand your biceps until the barbell is close to your  chest, then stop.",https://www.youtube.com/watch?v=lNdi7VEf2Ew,Easy,3,12,3,60,Main
6,bench press,middle  chest; tricep,male,Muscle gain,Gym,"Lie on the exercise bench, both feet on the floor, both hands holding the bar placed on the weapon. Exhale, exhale, push the weight up until your arms are straight. Get in, lower the dumbbells to near the deadlift, then stop, hold the position for about 1 - 2 seconds and repeat the activity.",https://www.youtube.com/watch?v=i2KLG62CaGI,Medium,3,12,3,60,Main
7,skull crusher,tricep,male,Muscle gain,Gym,"You lie on the exercise bench. Place both feet on the floor. Each hand holds a dumbbell. Raise both arms straight up high, arms parallel to each other and perpendicular to the body. Fold your arms behind your head, exhale, move only your arms and keep your biceps steady. When the weight passes behind your head, inhale and push the weight up to the starting position.",https://www.youtube.com/watch?v=jO2Jl9eZpXk,Medium,3,12,3,60,Main
8,triceps machine dip,tricep,male,Muscle gain,Gym,"Sit on the exercise machine, hold the handles on both sides, place your feet on the floor, and lean forward slightly. Use force from your biceps to push the handle down until your arms are straight. Stop for about 1 second at the lowest hand position, then slowly return the handle to the original position. Continue repeating the movement.",https://www.youtube.com/watch?v=OChuGyCSC7U,Medium,3,12,3,60,Main
9,low cable overhead triceps extension,tricep,male,Muscle gain,Gym,"Fasten a rope handle in the lower position of a cable pulley. Stand with your back against the pulley, with a slight forward lean, and hold the rope behind your head and your upper arms next to your ears.
Straighten your elbows until your arms are fully extended.
Reverse the motion by bending your arms again.",https://www.youtube.com/watch?v=1u18yJELsh0,Medium,3,12,3,60,Main
10,close-grip bench press,"middle  chest;
tricep",male,Muscle gain,Gym,"Inhale as you lift the weight and keep it straight above your  chest. Make sure your elbows are close to your body to focus the push on your triceps. Slowly lower the weight until it almost touches the center of your  chest, but don't let it reach your  chest. This is the lowest position of the movement. Stop for 1 second at the lowest position to give your  chest muscles time to develop and bear the load.",https://www.youtube.com/watch?v=XEFDMwmrLAM,Difficulty,3,12,3,60,Main
11,single-arm dumbbell triceps extension,tricep,male; female,Muscle gain,Gym; Home,"The practitioner is in a standing position, legs spread out to the sides with a shoulder-width distance. Holding a single dumbbell, stretch your arms to hold the dumbbell in an elevated position. Slowly bend your elbows to lower the weight below and behind your head, trying to bring your forearms as close to your biceps as possible. Note, during this process only the forearm moves. You can place your other hand comfortably along the side or you can lean against the side. Slowly bring the dumbbells back to the starting position.
",https://www.youtube.com/watch?v=kZ-ReOdn2qk,Easy,4,12,3,60,Main
12,rope press-down,tricep,male; female,Muscle gain,Gym,"Facing the adjustable cable machine, grasp the rope from a high position by holding your thumbs up. Bring your elbows out to the sides so your forearms are parallel to the floor. Straighten your forearms down while twisting the rope inward so that your knuckles point toward the floor when your arms are fully extended. Pause, then return to starting position.",https://www.youtube.com/watch?v=-xa-6cQaZKY,Easy,4,12,3,60,Main
13,single-arm cable pushdown,tricep,male; female,Muscle gain,Gym,Stretch your arms down. Return until the forearm is close to the upper arm. Repeat. Continue with the opposite arm.,https://www.youtube.com/watch?v=Cp_bShvMY4c,Easy,4,12,3,60,Main
14,standing barbell curl,bicep,male,Muscle gain,Gym,"Stand straight, feet shoulder-width apart, hold the barbell in both hands, palms facing forward, place the barbell in front of your thighs and slightly bend your knees. Exhale and cross your arms across your  chest, being careful to only move your arms. Inhale and slowly relax back to the starting position..",https://www.youtube.com/watch?v=JnLFSFurrqQ,Easy,3,12,3,60,Main
15,chin-up,bicep; upper back,male,Muscle gain,Gym,"Grasp the bar and pull it up, slowly feeling your breath",https://www.youtube.com/watch?v=8mryJ3w2S78,Difficulty,2,8,3,60,Main
16,reverse grip bent-over rows,bicep; middle back,male,Muscle gain,Gym,"Stand straight with dumbbells in both hands, feet shoulder-width apart, then slowly push your hips back and bend forward until your body is almost parallel to the floor. Do not bend down, keep the dumbbells perpendicular to the floor. Exhale, slowly pull the weight closer to your body, to the highest position, hold for 1 second. Inhale and slowly lower the weights to the starting position.",https://www.youtube.com/watch?v=cZvQNvTUUu0,Medium,3,12,3,60,Main
17,cable hammer curls,bicep,male,Muscle gain,Gym,"Stand straight and hold the ends of the rope with both hands, palms facing each other. Straighten your arms and bring them close to your body. Use your biceps to pull your arms up until your biceps touch your arms, hold a shoe in this position and remember to exhale. Inhale and slowly extend your arms back to the starting position.",https://www.youtube.com/watch?v=vsarApmqJmo,Easy,3,12,3,60,Main
18,incline dumbbell curl,bicep,male,Muscle gain,Gym,"2 Hold a dumbbell in your hands, arms close to your body, palms facing each other. Exhale and roll up one or both arms at the same time, rotating your hands so the back of your hands faces forward. When the dumbbell is at shoulder level, stop at one rope. Inhale and slowly return to the starting position.",https://www.youtube.com/watch?v=aTYlqC_JacQ,Medium,3,12,3,60,Main
19,concentration curls,bicep,male; female,Muscle gain,Gym; Home,"Sit on a flat bench, right hand holding dumbbell between legs, elbow close to right thigh, legs wider than shoulder width, left hand placed on left thigh, slightly tilted. to the right and your palm facing left. Move the right arm up horizontally and look at the right bicep. Curl the dumbbells up to shoulder height, then pause for 1 second. expiratory. Inhale and return to the starting position. Repeat a certain number of times, then switch sides.",https://www.youtube.com/watch?v=VMbDQ8PZazY,Easy,3,12,3,60,Main
20,preacher curl,bicep,male,Muscle gain,Gym,"Sit on a bench with dumbbells in both hands and elbows on the reclined part of the chair. Palms facing forward. Inhale and slowly lower your arms until you fully extend and tense your biceps. Hold your hand for 1 second. Exhale and curl your arms to the starting position, hold for 1 second and repeat.",https://www.youtube.com/watch?v=Zbs3ko8ycyg,Medium,3,12,3,60,Main
21,barbell drag curl,bicep,male,Muscle gain,Gym,"Hold the barbell in your hands, stand straight, feet shoulder-width apart. Elbows close to the body. Exhale and pull the bar straight up. Inhale and lower the bar to the starting position. You can completely replace it with dumbbells.",https://www.youtube.com/watch?v=ZHa0OAcn7Bc,Easy,3,12,3,60,Main
22,high cable curls,bicep,male,Muscle gain,Gym,"Lie on a flat bench, holding the tractor with both hands, arms outstretched, palms facing you. Exhale and rotate your arms until they are close to your face, then pause for 1 second. Note that only the arms are moved. Inhale and slowly return to the starting position.",https://www.youtube.com/watch?v=0Gef7oq3cv4,Difficulty,3,12,3,60,Main
23,w - easy bar curls,bicep,male,Muscle gain,Gym,"Stand up straight while holding an EZ curl bar at the wide outer handle. The palms of your hands should be facing forward and slightly tilted inward due to the shape of the bar. Keep your elbows close to your torso. This will be your starting position. Now, while keeping your upper arms stationary, exhale and curl the weights forward while contracting the biceps. Focus on only moving your forearms. Continue to raise the weight until your biceps are fully contracted and the bar is at shoulder level. Hold the top contracted position for a moment and squeeze the biceps. Then inhale and slowly lower the bar back to the starting position. Repeat for the recommended amount of repetitions.",https://www.youtube.com/watch?v=-gSM-kqNlUw,Medium,3,12,3,60,Main
24,ez bar spider curl,bicep,male,Muscle gain,Gym,Start out by setting the bar on the part of the preacher bench that you would normally sit on. Make sure to align the barbell properly so that it is balanced and will not fall off. Move to the front side of the preacher bench (the part where the arms usually lay) and position yourself to lay at a 45 degree slant with your torso and stomach pressed against the front side of the preacher bench. Make sure that your feet (especially the toes) are well positioned on the floor and place your upper arms on top of the pad located on the inside part of the preacher bench. Use your arms to grab the barbell with a supinated grip (palms facing up) at about shoulder width apart or slightly closer from each other. Slowly begin to lift the barbell upwards and exhale. Hold the contracted position for a second as you squeeze the biceps. Slowly begin to bring the barbell back to the starting position as your breathe in. Repeat for the recommended amount of repetitions.,https://www.youtube.com/watch?v=WG3vdcq__I0,Medium,3,12,3,60,Main
25,dumbbell biceps curl,bicep,male; female,Muscle gain,Gym; Home,"Start in a standing position with your legs shoulder-width apart. Hold a dumbbell in each hand and turn your palms toward your body. Slowly exhale while lifting the dumbbells to shoulder height. Be careful not to change your body position, just move your arms. Inhale and lower the weight slowly to return to the starting position.",https://www.youtube.com/watch?v=HnHuhf4hEWY,Easy,3,12,3,60,Main
26,dumbbell hammer curls,forearm; bicep,male,Muscle gain,Gym,"You need to prepare for yourself 2 dumbbells with the most suitable weight for you. Start in a standing position with your feet shoulder-width apart and each hand holding a Dumbbell of equal weight. Place your arms along your body, palms facing inward, and this is the starting position of the Hammer Curl exercise. Keep your elbows tight, upper biceps fixed and stand straight on the floor. Move your hands and forearms, slowly roll the dumbbells forward and exhale. Continue to raise the dumbbells to shoulder height, so that your biceps are as tight as possible. Note, you can practice both hands at the same time or practice one hand at a time. Hold the weight in the top position for a few seconds, then slowly lower the weight to the starting position and inhale at the same time.
",https://www.youtube.com/watch?v=RIEMoYL_h1Y,Easy,3,12,3,60,Main
27,kettlebell bicep curl,forearm; bicep,male; female,Muscle gain,Gym,"The practitioner is in a standing position, with legs shoulder-width apart. Hold a dumbbell in both hands with palms facing each other, letting the dumbbells face down toward the floor. Bend both elbows to lift the weight toward your  chest, keeping your elbows close to your body. Lower the weights in a controlled manner, straightening your elbows. Perform the movement 10 - 12 times.",https://www.youtube.com/watch?v=OfgQrQCLJsk,Easy,3,12,3,60,Main
28,squat,leg; glute,male; female,Muscle gain; Endurance,Gym; Home,"Performed by lowering the body as if sitting. Strengthens quads, glutes, and hamstrings. Keep  chest up and knees aligned with toes.",https://youtube.com/shorts/SLOkdLLWj8A?si=2Fu4EMNn2_szqEZ_,Easy,4,10,3,60,Main
29,bulgarian split squat,leg; glute,male; female,Muscle gain,Gym,"Elevates one leg on a bench and performs a squat. Focuses on quads and glutes, improving single-leg stability.",https://youtube.com/shorts/uODWo4YqbT8?si=N4k1nfr31OGmOKCG,Medium,3,10,3,60,Main
30,romanian deadlift,leg; glute,male; female,Muscle gain ,Gym,Involves a hip-hinge movement. Focuses on hamstrings and glutes. Keep your back flat and knees slightly bent.,https://youtube.com/shorts/d-hn_0sEpRQ?si=KEfOJfUoj5PkbH3J,Difficulty,3,10,3,60,Main
31,step-up,leg; glute,male; female,Endurance; Lose weight,Gym; Home,"Step onto an elevated platform with one leg, engaging quads and glutes. Maintain balance and control on each step.",https://youtu.be/wfhXnLILqdk?si=bINJRuNs_vt2lFG5,Easy,4,10,3,60,Main
32,leg press,leg,male; female,Muscle gain,Gym,Pushes weight with the legs on a machine. Focuses on quads and glutes while minimizing spinal load.,https://youtube.com/shorts/W4vekQUkxsg?si=VOv_GYI4gzagjsf8,Medium,3,10,3,60,Main
33,hip thrust,glute; leg,male; female,Muscle gain,Gym,"Performed with shoulders on a bench, pushing hips up with a barbell on the pelvis. Strengthens glutes.",https://youtu.be/5S8SApGU_Lk?si=0Kyzwjpi0foSsMb-,Medium,3,10,3,60,Main
34,calf raise,leg,male; female,Muscle gain; Endurance,Gym,Rise onto your toes to target calves. Can be performed on a raised surface for a greater stretch.,https://youtu.be/eMTy3qylqnE?si=AvA2hl94Wlu187uJ,Medium,2,10,3,60,Main
35,donkey kicks,glute; leg,male; female,Muscle gain; Endurance,Home,Kick one leg back while on all fours. Focuses on glute activation and improves hip mobility.,https://youtu.be/EtSJ8rwm5M8?si=cc8HTH-LOThi75i5,Easy,4,10,3,60,Main
36,jump squats,leg,male; female,Lose weight; Endurance,Home,Perform a squat followed by an explosive jump. Builds power in quads and calves while burning calories.,https://youtu.be/BRfxI2Es2lE?si=Pjb3R9w4VOR7NXHo,Easy,4,10,3,60,Main
37,sumo deadlift,leg; glute,male; female,Muscle gain; Endurance,Gym,"A deadlift with a wide stance, focusing on inner thighs, hamstrings, and glutes.",https://youtube.com/shorts/Fcwh9JwSIro?si=hmIkxWxgIzenpJvg,Difficulty,3,10,3,60,Main
38,pistol squat,leg,male; female,Muscle gain; Endurance,Home,Squat with one leg while keeping the other extended. Builds strength and balance in quads.,https://youtube.com/shorts/5R3wjhmjhgU?si=P1hMcgT0APIopC19,Difficulty,2,10,3,60,Main
39,side lunges,leg; glute,female,Endurance; Muscle gain,Home,Step sideways into a lunge position. Works inner thighs and glutes while improving hip flexibility.,https://youtu.be/1D_tsUSW3ZY?si=IURpAHMUjlUA3JZc,Easy,4,10,3,60,Main
40,curtsy lunges,leg; glute,female,Muscle gain,Home,Cross one leg behind the other in a lunge. Engages glutes and inner thighs.,https://youtu.be/DEE806Xr4V4?si=JN3bon-PyTXk7363,Easy,4,10,3,60,Main
41,box jump,leg,male; female,Endurance; Lose weight,Gym; Home,"Jump explosively onto a box. Works calves, quads, and glutes while enhancing power.",https://youtu.be/52r_Ul5k03g?si=3118SnSXOjD5AK7y,Easy,4,10,3,60,Main
42,reverse lunges,leg; glute, female,Endurance; Muscle gain,Gym,"Step backward into a lunge. Strengthens quads, hamstrings, and glutes.",https://youtu.be/xrPteyQLGAo?si=bqlNRswj98d4PRfL,Easy,4,10,3,60,Main
43,hamstring curl,leg,male; female,Muscle gain,Gym,Use a machine to curl legs. Targets hamstrings. Keep movement controlled for maximum effect.,https://youtu.be/Ych3qH1FZzY?si=PHO9hVWJlDDsYSzY,Medium,3,10,3,60,Main
44,hack squat,leg,male; female,Muscle gain,Gym,Perform squats on a machine to focus on quads without stressing the lower back.,https://youtu.be/rYgNArpwE7E?si=5_UoZmdzLBWV-3Pc,Difficulty,3,10,3,60,Main
45,single-leg deadlift,leg; glute,male; female,Muscle gain,Gym; Home,"Lift weight while balancing on one leg. Targets hamstrings, glutes, and improves balance.",https://youtu.be/FAFYkQCQJYo?si=CpCNpe1cl4As3pA9,Difficulty,3,10,3,60,Main
46,cable kickbacks,glute; leg,male; female,Muscle gain,Gym,Attach a cable to your ankle and kick backward. Focuses on glutes.,https://youtu.be/SqO-VUEak2M?si=P8VRky6b-rKXlJfm,Medium,3,10,3,60,Main
47,banded side steps,glute; leg,female,Endurance,Home,Step sideways with resistance bands around your legs. Activates glutes and improves hip stability.,https://youtu.be/X0jsl2ZrXug?si=Pjp871EkLwFvJRWW,Easy,4,10,3,60,Main
48,front squat,leg; glute,male; female,Muscle gain,Gym,Hold the barbell in front of your shoulders while squatting. Focuses on quads and core stability.,https://youtu.be/m4ytaCJZpl0?si=mEYkpgnOlqz6ORW2,Difficulty,3,10,3,60,Main
49,barbell back squat,leg; glute,male; female,Muscle gain,Gym,"A compound movement where the barbell is placed on your upper back. Primarily targets glutes, quads, and hamstrings.",https://youtu.be/rrJIyZGlK8c?si=8m8gWDNNcaLX2zIQ,Difficulty,3,12,3,60,Main
50,kettlebell swing,glute; leg,male; female,Endurance; Muscle gain,Gym,"Swing a kettlebell between your legs and up to shoulder height. Activates glutes, hamstrings, and core.",https://youtu.be/1cVT3ee9mgU?si=gvcKaHqBKKhSEdw_,Medium,3,12,3,60,Main
51,goblet squat,leg; glute,female,Endurance; Muscle gain,Gym,"Hold a dumbbell or kettlebell at  chest level while squatting. Focuses on quads, glutes, and core control.",https://youtu.be/UFStLR88gOk?si=w826T9naZ-CKL2qD,Easy,3,12,3,60,Main
52,resistance band squat,leg; glute,female,Endurance,Home,Perform squats with a resistance band around your thighs. Activates glutes and increases resistance.,https://youtube.com/shorts/fASjnHJmgdo?si=NG9Ndhjbnt0smmPb,Easy,3,12,3,60,Main
53,stair climbing,leg; glute,male; female,Lose weight; Endurance,Home,Run or walk up stairs repeatedly to improve cardiovascular fitness and build leg strength.,https://youtube.com/shorts/QmZs9WU8odk?si=2Gmk23uO3TsGcviw,Easy,2,12,3,60,Main
54,machine leg extension,leg,male; female,Muscle gain,Gym,Straighten your legs against resistance on a machine. Focuses solely on quads.,https://youtu.be/4ZDm5EbiFI8?si=UVfDiUwl9euieUHi,Easy,3,12,3,60,Main
55,lateral step-up,glute; leg,male; female,Endurance; Muscle gain,Gym,Step onto a bench from the side. Activates glutes and improves balance.,https://youtu.be/eUX5EQXQuHw?si=sFbFbjYORIi5WBZV,Easy,3,12,3,60,Main
56,machine hip abduction,glute,female,Muscle gain,Gym,Push legs apart against resistance on a machine. Focuses on the outer glutes.,https://youtu.be/dL92FqMJqVY?si=RmD371MegcItD_dW,Easy,3,12,3,60,Main
57,jumping jack,leg; ABS; forearm; shoulder,male; female,Lose weight; Endurance,Home; Gym,"Jumping while spreading arms and legs. It targets the legs, abs, forearms, and shoulders.",https://www.youtube.com/shorts/yg3KQQn3QWg,Easy,4,12,3,60,Main
58,push-up,leg; ABS; tricep; shoulder,male; female,Lose weight; Endurance,Home; Gym,"Lowering and pushing up the body using the arms. It strengthens the legs, abs, triceps, and shoulders.",https://www.youtube.com/watch?v=0pkjOk0EiAk,Medium,4,12,3,60,Main
59,x jump,leg; ABS; forearm; shoulder,male; female,Lose weight; Endurance,Home; Gym,"Jumping while extending the arms and legs in an ""X"" shape. It focuses on the legs, abs, forearms, and shoulders.",https://www.youtube.com/watch?v=3PYo_rqP0c4,Easy,4,12,3,60,Main
60,butt kicks,leg; ABS,male; female,Lose weight; Endurance,Home; Gym,"Running in place, bringing heels to glutes. It targets the legs and abs.",https://www.youtube.com/watch?v=-dtvAxibgYQ,Easy,4,12,3,60,Main
61,mountain climbers,leg; ABS; forearm; shoulder,male; female,Lose weight; Endurance,Home; Gym,"Alternating knee drives to the  chest while in a plank. It works the legs, abs, forearms, and shoulders.",https://www.youtube.com/watch?v=kLh-uczlPLg,Medium,4,12,3,60,Main
62,burpees,leg; ABS; tricep; shoulder,male; female,Lose weight; Endurance,Home; Gym,"Full-body movement involving squatting, jumping, and push-ups. It targets the legs, abs, triceps, and shoulders.",https://www.youtube.com/watch?v=auBLPXO8Fww,Medium,4,12,3,60,Main
63,inchworm walks,leg; ABS; forearm; shoulder,male; female,Lose weight; Endurance,Home; Gym,"Bending at the waist and walking hands into a plank. It focuses on the legs, abs, forearms, and shoulders.",https://www.youtube.com/watch?v=4yJ8jwFaxlo,Medium,3,10,5,60,Main
64,plank,leg; ABS; forearm; shoulder,male; female,Lose weight; Endurance,Home; Gym,"Holding the body straight in a plank position. It targets the legs, abs, forearms, and shoulders.",https://www.youtube.com/watch?v=pvIjsG5Svck,Medium,1,1,30,0,Main
65,high knees,leg; ABS,male; female,Lose weight; Endurance,Home; Gym,Running in place with knees lifted high. It works the legs and abs.,https://www.youtube.com/watch?v=ZNDHivUg7vA,Medium,3,20,1,60,Main
66,lunge,leg,male; female,Lose weight; Endurance,Home; Gym,Stepping forward into a deep lunge. It targets the legs.,https://www.youtube.com/watch?v=tTej-ax9XiA,Medium,3,10,3,60,Main
67,sumo squat,leg; ABS,male; female,Lose weight; Endurance,Home; Gym,Wide-stance squat with toes pointed outward. It focuses on the legs and abs.,https://www.youtube.com/watch?v=9ZuXKqRbT9k,Easy,3,12,3,60,Main
68,knee-to-elbows,leg; ABS,male; female,Lose weight; Endurance,Home; Gym,Bringing knees to opposite elbows in a plank position. It targets the legs and abs.,https://www.youtube.com/watch?v=ZL9Y-IIedb0,Easy,3,12,3,60,Main
69,flutter kicks,leg; ABS,male; female,Lose weight; Endurance,Home; Gym,Kicking legs up and down while lying on your back. It works the legs and abs.,https://www.youtube.com/watch?v=K5wuM_gNWyw,Medium,3,12,3,60,Main
70,leg in & outs,ABS,male; female,Lose weight; Endurance,Home; Gym,"Seated, bringing legs in and out. It targets the abs.",https://www.youtube.com/watch?v=V1wZc9RwPW8,Difficulty,3,12,3,60,Main
71,crunch kicks,leg; ABS,male; female,Lose weight; Endurance,Home; Gym,A combination of crunches and flutter kicks. It works the legs and abs.,https://www.youtube.com/watch?v=z0zwPZrPpXc,Difficulty,2,5,5,60,Main
72,resistance band,leg; ABS,male; female,Lose weight; Endurance,Home; Gym,"Various movements using a resistance band. It targets the legs, abs, and back.",https://www.youtube.com/watch?v=whSXi-EXbqI,Easy,3,10,3,60,Main
73,frog jumps,leg; ABS,male; female,Lose weight; Endurance,Home; Gym,Jumping forward from a squat position. It focuses on the legs and abs.,https://www.youtube.com/watch?v=SPxvbluj6vQ,Easy,3,12,5,60,Main
74,lateral shuffles,leg,male; female,Lose weight; Endurance,Home; Gym,Side-to-side shuffling. It works the legs.,https://www.youtube.com/watch?v=Z0HtdkwhHnI,Easy,3,10,3,60,Main
75,skater,leg; glute,male; female,Lose weight; Endurance,Home; Gym,Jumping laterally from one foot to the other. It targets the legs and glutes.,https://www.youtube.com/watch?v=0-Kw0wbtmSM,Easy,3,10,3,60,Main
76,tuck jumps,leg; ABS,male; female,Lose weight; Endurance,Home; Gym,Jumping with knees tucked into the  chest. It targets the legs and abs.,https://www.youtube.com/watch?v=mgBCOVR1hqw,Easy,3,12,3,60,Main
77,v-ups,leg; ABS,male; female,Lose weight; Endurance,Home; Gym,"Lifting the upper body and legs simultaneously into a ""V"" shape. It works the legs and abs.",https://www.youtube.com/watch?v=7UVgs18Y1P4,Medium,3,10,3,60,Main
78,split jumps,leg,male; female,Lose weight; Endurance,Home; Gym,Jumping into a lunge position and switching legs. It targets the legs.,https://www.youtube.com/watch?v=72xY37N_Sww,Easy,3,12,3,60,Main
79,wall sit jumps,leg,male; female,Lose weight; Endurance,Home; Gym,"Holding a squat against a wall, then jumping. It targets the legs.",https://www.youtube.com/watch?v=cWTZ8Am1Ee0,Easy,1,1,30,0,Main
80,plank jacks,leg; ABS,male; female,Lose weight; Endurance,Home; Gym,Jumping legs apart and together while holding a plank. It works the legs,https://www.youtube.com/watch?v=xcBz0TtHqWI,Medium,1,1,30,0,Main
81,side plank,ABS; forearm,male; female,Lose weight; Endurance,Home; Gym,Holding a plank on one side. It works the abs and forearms.,https://www.youtube.com/watch?v=0Rl5ZQwmS-o,Medium,3,10,3,60,Main
82,glute bridges,glute; lower back,male; female,Lose weight; Endurance,Home; Gym,Lifting the hips while lying on your back. It targets the glutes and back.,https://www.youtube.com/watch?v=WtilA9IJX1c,Easy,3,12,3,60,Main
83,russian twists,ABS,male; female,Lose weight; Endurance,Home; Gym,Sitting down and twisting the torso side to side. It focuses on the abs.,https://www.youtube.com/watch?v=DJQGX2J4IVw,Medium,3,12,3,60,Main
84,squat pulse,leg; glute,male; female,Lose weight; Endurance,Home; Gym,Squatting and pulsing up and down. It targets the legs and glutes.,https://www.youtube.com/watch?v=7HarjcM6b10,Easy,2,10,10,60,Main
85,sprawls,leg; ABS; forearm; shoulder,male; female,Lose weight; Endurance,Home; Gym,"A fast movement dropping into a plank from standing. It focuses on the legs, abs, forearms, shoulders, and back.",https://www.youtube.com/watch?v=UFFODmd6RTc,Medium,3,10,3,60,Main
86,leg raises,leg; ABS,male; female,Lose weight; Endurance,Home; Gym,Lifting legs from the floor while lying on your back. It works the legs and abs.,https://www.youtube.com/watch?v=Wp4BlxcFTkE,Medium,3,10,3,60,Main
87,dead bug,ABS,male; female,Lose weight; Endurance,Home; Gym,Alternating opposite arm and leg lifts. It targets the abs and back.,https://www.youtube.com/watch?v=g_BYB0R-4Ws,Medium,3,10,3,60,Main
88,scissor kicks,leg; ABS,male; female,Lose weight; Endurance,Home; Gym,Alternating legs in a fluttering motion. It works the legs and abs.,https://www.youtube.com/watch?v=IBS84c5uA_A,Medium,3,10,3,60,Main
89,overhead squat,leg; ABS; forearm; shoulder,male; female,Lose weight; Endurance,Home; Gym,"Squatting with arms extended overhead. It targets the legs, abs, forearms, shoulders, and back.",https://www.youtube.com/watch?v=pn8mqlG0nkE,Easy,2,8,10,60,Main
90,jump lunges,leg; ABS,male; female,Lose weight; Endurance,Home; Gym,Alternating lunges with jumps. It targets the legs and abs.,https://www.youtube.com/watch?v=O-rntsAALBo,Easy,3,10,3,60,Main
91,side-to-side jumps,leg; glute,male; female,Lose weight; Endurance,Home; Gym,Jumping laterally from side to side. It works the legs and glutes.,https://www.youtube.com/watch?v=sf23wNksjtk,Easy,4,12,3,60,Main
92,plank up-downs,ABS; forearm,male; female,Lose weight; Endurance,Home; Gym,Transitioning between forearm and full plank. It targets the abs and forearms.,https://www.youtube.com/watch?v=jF3wvzUUw7s,Medium,1,1,30,0,Main
93,farmer's walk,ABS; forearm,male; female,Lose weight; Endurance,Home; Gym,"Walking while holding heavy weights. It focuses on the abs, forearms, and back.",https://www.youtube.com/watch?v=8OtwXwrJizk,Medium,2,1,30,60,Main
94,toe touches,leg; ABS,male; female,Lose weight; Endurance,Home; Gym,Lifting legs and touching toes with hands. It works the legs and abs.,https://www.youtube.com/watch?v=9iEI95-eZWk,Medium,3,10,3,60,Main
95,star plank,ABS; forearm,male; female,Lose weight; Endurance,Home; Gym,Holding a plank with arms and legs spread wide. It targets the abs and forearms.,https://www.youtube.com/watch?v=V8z8A2WwNnA,Medium,1,1,30,0,Main
96,plank tucks,leg; ABS,male; female,Lose weight; Endurance,Home; Gym,Jumping feet toward hands while in a plank. It focuses on the legs and abs.,https://www.youtube.com/watch?v=ydtRvYqG1bA,Easy,3,10,3,60,Main
97,side shuffles,leg,male; female,Lose weight; Endurance,Home; Gym,Moving quickly from side to side. It targets the legs.,https://www.youtube.com/watch?v=y-yPka1hGws,Easy,3,10,3,60,Main
98,dumbbell snatch,leg; forearm,male; female,Lose weight; Endurance,Home; Gym,"Lifting a dumbbell from the floor to overhead. It targets the legs, forearms, and back.",https://www.youtube.com/watch?v=xA_DpewzL7c,Difficulty,3,10,3,60,Main
99,dumbbell thrusters,leg; ABS; forearm; shoulder,male; female,Lose weight; Endurance,Home; Gym,"A squat followed by an overhead press. It works the legs, abs, forearms, shoulders, and back.",https://www.youtube.com/watch?v=-rHJkjHUbmo,Medium,3,12,3,60,Main
100,dumbbell shoulder press, shoulder,male; female,Muscle gain,Gym; Home,"To perform this exercise, sit on a chair with your back straight and hold a dumbbell in each hand at shoulder level, with your elbows bent at 90 degrees. Exhale as you push the dumbbells upward until your arms are fully extended. Hold for a moment, then inhale and lower the dumbbells back to shoulder level. Repeat the steps for the desired number of repetitions.",https://www.youtube.com/shorts/E9ShwbwZ1zw,Medium,3,12,3,60,Main
101,seated barbell shoulder press, shoulder,male,Muscle gain,Gym,"To perform this exercise, sit upright on a chair and grip the barbell with your hands slightly wider than shoulder-width apart. Lift the barbell off the rack and raise it straight above your head. Slowly lower the barbell down to shoulder level. Repeat the lifting and lowering motion for the desired number of repetitions.",https://www.youtube.com/shorts/8XdAwwbL5kk,Difficulty,3,12,3,60,Main
102,smith machine overhead shoulder press, shoulder,male,Muscle gain,Gym,"To perform this exercise, sit on the Smith machine, take a deep breath, and push the barbell up from the initial locked position, keeping your arms straight but without locking your elbows. Engage your shoulder muscles as you lower the barbell to chin level, pausing briefly. Then, apply force to push the barbell back to the starting position. Repeat the steps for the desired number of repetitions.",https://www.youtube.com/shorts/ZmyLFsowxsg,Medium,4,12,3,60,Main
103,barbell front raise, shoulder,male,Muscle gain,Gym,"To perform this exercise, firmly grip the barbell with your palms facing down and your elbows straight. Slightly arch your  chest and pull your shoulders back while keeping your back straight and core engaged. Lift the barbell in front of you until your hands are higher than your shoulders. Hold for a moment, then slowly lower it back to the starting position. Repeat the movement for the desired number of repetitions.",https://www.youtube.com/shorts/1ucaWr-WKMQ,Medium,3,12,3,60,Main
104,dumbbell front raise, shoulder,male; female,Muscle gain,Gym; Home,"To perform this exercise, stand upright with your feet shoulder-width apart. Hold a dumbbell in each hand with your arms straight down in front of your thighs. Lift the dumbbell in your right hand in front of you with your palm facing down, while your left hand remains in the starting position. Hold for a moment, then slowly lower the right dumbbell. Repeat the movement with your left hand. Alternate and repeat for the desired number of repetitions.",https://www.youtube.com/shorts/_6oXH8ZbB5M,Easy,4,12,3,60,Main
105,dumbbell lateral raise, shoulder,male; female,Muscle gain,Gym; Home,"To perform this exercise, stand upright with your feet shoulder-width apart, holding a dumbbell in each hand at your sides. Lift the dumbbells up to shoulder level, holding this position for a moment. Then, lower the dumbbells back to the starting position. Repeat the movement for the desired number of repetitions.",https://www.youtube.com/shorts/YvTkK72atZk,Easy,4,12,3,60,Main
106,cable lateral raise, shoulder,male,Muscle gain,Gym,"To perform this exercise, stand upright with your feet shoulder-width apart. Hold the cable handle with one hand, while placing the other hand on your hip. Pull the cable to the side until your arm is fully extended and parallel to the floor. Hold for a moment, then lower your arm back to the starting position. Repeat the movement with the other hand, alternating for the desired number of repetitions.",https://www.youtube.com/shorts/X8tZOGFovj0,Medium,3,12,3,60,Main
107,barbell upright row, shoulder,male,Muscle gain,Gym; Home,"To perform this exercise, stand upright with your feet hip-width apart, holding a barbell in both hands resting against your thighs, with your palms facing inward. Lift the barbell to shoulder level, keeping your elbows slightly higher than your forearms and pointing out to the sides. Lower the barbell back to the starting position and repeat the movement for the desired number of repetitions.",https://www.youtube.com/shorts/AWsGWt-VMl8,Difficulty,3,10,3,60,Main
108,cable upright row, shoulder,male,Muscle gain,Gym,"To perform this exercise, stand upright with your feet shoulder-width apart, holding the cable handles in both hands. Pull the weight upward until your trapezius muscles are fully contracted. Hold for a moment, then lower the weight back to the starting position. Repeat the movement for the desired number of repetitions.",https://www.youtube.com/shorts/ueU1cra8lA0,Medium,3,12,3,60,Main
109,dumbbell upright row, shoulder,male; female,Muscle gain,Gym,"To perform this exercise, stand upright with a dumbbell in each hand, arms straight down by your sides, and palms facing your body. Raise the dumbbells until they are close to your chin, bending your elbows and keeping them pointing upward. Hold for a moment, then lower the dumbbells back to the starting position. Repeat the movement for the desired number of repetitions.",https://www.youtube.com/shorts/Ti3OfEu_CKU,Easy,4,10,3,60,Main
110,cable face pull, shoulder,male; female,Muscle gain,Gym,"To perform this exercise, stand upright and adjust the cable to face level. Engage your core and pull the cable toward your face, squeezing your shoulder blades together. Hold this position for a moment, then release the cable back to the starting position. Repeat the movement for the desired number of repetitions.",https://www.youtube.com/shorts/qEyoBOpvqR4,Medium,3,12,3,60,Main
111,seated cable face pull, shoulder,male; female,Muscle gain,Gym,"To perform this exercise, sit upright on a bench, gripping the cable handle with both hands and palms facing inward. Pull the cable towards your face, ensuring your elbows are higher than your shoulders. Hold this position for a moment, then release the cable back to the starting position. Repeat the movement for the desired number of repetitions.",https://www.youtube.com/shorts/b5le--KkyH0,Medium,3,10,3,60,Main
112,banded face pulls, shoulder,male; female,Muscle gain,Gym,"To perform this exercise, stand upright with your feet shoulder-width apart, gripping the resistance band with both hands and palms facing your body. Pull the band back while keeping your elbows higher than your shoulders. Hold this position for a moment, squeezing your shoulder blades tightly. Release your arms back to the starting position and repeat the movement for the desired number of repetitions.",https://www.youtube.com/shorts/DVxfKB0BnlY,Easy,4,12,3,60,Main
113,dumbbell rear delt lateral raise, shoulder,male; female,Muscle gain,Gym; Home,"To perform this exercise, sit on a bench with your feet together, holding a dumbbell in each hand with your palms facing inward. Lean forward slightly, bend your elbows, and lift the dumbbells out to the sides. Lower the dumbbells back to the starting position and repeat the movement for the desired number of repetitions.",https://www.youtube.com/shorts/KoRDmXocJII,Medium,4,12,3,60,Main
114,rear delt machine fly, shoulder,male; female,Muscle gain,Gym,"To perform this exercise, sit on the machine facing inward, gripping the handles firmly with both hands. Engage your shoulder muscles and extend your arms back. Return your arms to the starting position and repeat the movement for the desired number of repetitions.",https://www.youtube.com/shorts/v0CxZlWX9zQ,Medium,4,10,3,60,Main
115,dumbbell push press, shoulder,male; female,Muscle gain,Gym; Home,"Stand with feet shoulder-width apart, holding a dumbbell in each hand. Keep forearms perpendicular to the floor, arms close to your sides. Exhale, lower into a half squat, then stand up, pressing one arm overhead. Slowly return your arm to the starting position and repeat.",https://www.youtube.com/watch?v=vuaYVK8xyqo,Medium,3,12,3,60,Main
116,arnold dumbbell press, shoulder,male,Muscle gain,Gym; Home,"Hold the dumbbells on your thighs, feet shoulder-width apart. Use your thighs to lift the dumbbells to your shoulders, rotating your palms inward. Inhale, brace your shoulders and back, and press the weights up, rotating palms outward until the dumbbells nearly touch (without locking elbows). Exhale and hold briefly. Inhale, brace your shoulders, and slowly lower the weights, rotating palms inward back to the start.",https://www.youtube.com/watch?v=pQDrcNoDNVM,Medium,3,10,3,60,Main
117,barbell military press, shoulder,male,Muscle gain,Gym,"Sit upright on a bench (use a rack if available) with the barbell above head height. Grip the bar slightly wider than shoulder-width with palms facing forward. Lift the bar overhead. Inhale, then slowly lower it to shoulder level. Exhale and press the bar back overhead, keeping your torso steady and back straight.",https://www.youtube.com/shorts/1M6JMpgAtS0,Difficulty,4,12,3,60,Main
118,lunging shoulder press, shoulder,female,Muscle gain,Gym; Home,"Stand with feet shoulder-width apart, holding a dumbbell over your left shoulder. Step forward with your right leg, lowering into a lunge until your thigh is parallel to the floor, while pressing the dumbbell overhead. Hold for 5 seconds, then return to the starting position. Repeat with the opposite leg.",https://www.youtube.com/shorts/-jkNM2Z4XO8,Medium,3,10,3,60,Main
119,landmine press, shoulder,male,Muscle gain,Gym,"Stand upright, holding a barbell with weight on one side, resting it on your shoulder. Lower into a squat, then stand up quickly while pressing the bar overhead. Hold for 1â€“2 seconds, then slowly lower it back to shoulder level.",https://www.youtube.com/watch?v=XQJIaWGScrA,Difficulty,3,10,3,60,Main
120,front plate raises, shoulder,male,Muscle gain,Gym; Home,"Stand upright with feet shoulder-width apart, holding a weight plate with both hands, arms extended with a slight bend at the elbows and the plate near your hips. Exhale and gradually lift the plate until your arms are parallel to the floor, holding it for 1 second with a stable torso and straight back. Inhale and lower the plate back to the starting position.",https://www.youtube.com/watch?v=FbkDVvHKrgE,Medium,4,12,3,60,Main
121,reverse dumbbell flyes, shoulder,male,Muscle gain,Gym; Home,"Stand upright with feet shoulder-width apart, holding a dumbbell in each hand. Lean forward until your torso is nearly parallel to the floor, with a slight bend in your knees and arms extended in front. Exhale and engage your shoulders to raise both arms out to the side until they are parallel to the floor, keeping a slight bend in the elbows. Inhale and slowly return to the starting position.",https://www.youtube.com/shorts/A-x6_0VrT18,Medium,3,10,3,60,Main
122,bent-over row,middle back; lower back,male,Muscle gain,Gym,This exercise involves hinging at the hips and rowing a weight towards your torso. It targets the middle and lower back muscles.,https://youtu.be/6gvmcqr226U,Medium,4,12,3,60,Main
123,lat pulldown,upper back,male; female,Muscle gain,Gym,"Using a lat pulldown machine, pull the bar down towards your  chest. This exercise targets the latissimus dorsi muscles.",https://youtu.be/7JnP8dFbS14,Easy,4,12,3,60,Main
124,seated cable row,middle back,male; female,Muscle gain,Gym,Sit on a seated cable row machine and pull the handle towards your torso. This exercise targets the middle back muscles.,https://youtu.be/lJoozxC0Rns,Easy,4,12,3,60,Main
125,pull-apart,middle back,female,Muscle gain,Home,"Using a resistance band, pull the band apart in front of you. This exercise targets the rear delts and middle back muscles.",https://youtu.be/0Po47vvj9g4,Easy,4,12,3,60,Main
126,superman,lower back,male; female,Muscle gain,Home,Lie face down on the floor and lift your arms and legs simultaneously. This exercise targets the lower back muscles.,https://youtu.be/kTMBsUwEGPM,Easy,4,12,3,60,Main
127,good morning,lower back,male; female,Muscle gain,Gym,Hinge at the hips and lower your torso towards the ground. This exercise targets the hamstrings and lower back muscles.,https://youtu.be/wUbsMNkkpLk,Difficulty,4,12,3,60,Main
128,t-bar row,"upper back, middle back",male,Muscle gain,Gym,"Using a T-bar row attachment, pull the weight towards your torso. This exercise targets the upper and middle back muscles.",https://youtu.be/hYo72r8Ivso,Difficulty,4,12,3,60,Main
129,pull-up,upper back,male,Muscle gain; Endurance,Gym,This exercise targets the upper back muscles.,https://youtu.be/PHdHnZcbsB8,Difficulty,4,12,3,60,Main
130,dumbbell row,upper back,male; female,Muscle gain,Home,This exercise targets the upper back muscles using dumbbells.,https://youtu.be/6gvmcqr226U,Medium,4,12,3,60,Main
131, chest supported row,middle back,male,Muscle gain,Gym,"Lie face down on a bench, using your hands to support your upper body against the edge of a table. Pull the dumbbells toward your stomach.",https://youtu.be/Nx0TzjgsI-0,Difficulty,4,12,3,60,Main
132,inverted row,"middle back, lower back",male; female,Muscle gain,Gym,"Lie under a bar, grip the bar with both hands and pull your body up.",https://youtu.be/0AsxBmXeOIo,Medium,4,12,3,60,Main
133,hyperextension,lower back,male; female,Muscle gain,Gym,"Lie face down on a hyperextension machine, raising your upper body.",https://youtu.be/81riMKjNBuA,Easy,4,12,3,60,Main
134,renegade row,"middle back, ABS",male; female,Muscle gain,Home,"In a push-up position, pull the dumbbells toward your body one at a time.",https://youtu.be/Q28cLuweLv4,Medium,4,12,3,60,Main
135,face pull,shoulder; upper back,male; female,Muscle gain,Gym,"Sit on a cable machine, pull the cable toward your face.",https://youtu.be/0Po47vvj9g4,Easy,3,12,3,60,Main
136,low row,"middle back, lower back",male,Muscle gain,Gym,"Sit on a low row machine, pull the handles toward your stomach.",https://youtu.be/opjbouBmUWg,Easy,3,12,3,60,Main
137,bent-over reverse fly, shoulder,male; female,Muscle gain,Gym; Home,"Bend forward, holding the dumbbells with both hands and extending them out to the sides.",https://youtu.be/hf7jnF45N_I,Easy,4,12,3,60,Main
138,one-arm dumbbell row on bench,middle back,male; female,Muscle gain,Gym,"Place one foot on a bench, use your hands to support the bench and pull the dumbbells toward your body.",https://youtu.be/DMo3HJoawrU,Medium,4,12,3,60,Main
139,trap bar deadlift,"lower back, glute, leg",male; female,Muscle gain,Gym,"Variation of the deadlift, reducing stress on the spine.",https://youtu.be/v709aJKv-gM,Difficulty,3,12,3,60,Main
140,barbell shrug,shoulder,male,Muscle gain,Gym,"Stand upright, holding dumbbells in both hands and raising your shoulders.",https://youtu.be/larn3Asl6oM,Medium,3,12,3,60,Main
141,dumbbell shrug,shoulder,male,Muscle gain,Home,Similar to a barbell shrug but using dumbbells.,https://youtu.be/_t3lrPI6Ns4,Medium,3,12,3,60,Main
142,pull-up with a wide grip,upper back,male,Muscle gain,Gym,Pull-ups with hands wider than shoulder-width apart.,https://youtu.be/GRgWPT9XSQQ,Difficulty,3,12,3,60,Main
143,pull-up with a narrow grip,upper back; bicep,male,Muscle gain,Gym,Pull-ups with hands narrower than shoulder-width apart.,https://youtu.be/VuIkwZEEdEQ,Difficulty,3,12,3,60,Main
144,lat pulldown behind the neck,upper back,male; female,Muscle gain,Gym,"Lat pulldowns with the bar behind your neck. Note: This exercise can put stress on your shoulders, so be careful.",https://youtu.be/Ln150SZDBxQ,Easy,4,12,3,60,Main
145,seated cable row with neutral grip,middle  back,male; female,Muscle gain,Gym,"Sitting on a cable machine, pull the cable toward your body with a neutral grip.",https://youtu.be/UCXxvVItLoM,Easy,4,12,3,60,Main
146,dumbbell bench press,middle chest; shoulder; tricep; bicep,male; female,Muscle gain,Gym,"The dumbbell bench press is an upper-body exercise where you lie on a bench and press dumbbells upwards from  chest level, targeting the  chest, shoulders, and triceps.",https://www.youtube.com/watch?v=YQ2s_Y7g5Qk,Medium,3,12,3,60,Main
147,cable crossover,middle chest; shoulder; tricep; bicep,male,Muscle gain,Gym,"The cable crossover is a strength training exercise that targets the  chest muscles by pulling cables across the body from both sides, focusing on developing the pectoral muscles.",https://www.facebook.com/watch/?v=1478474179004001,Medium,4,12,3,60,Main
148,chest press machine,middle chest; shoulder; tricep; bicep,male; female,Muscle gain,Gym,"The  chest Press Machine is a Gym equipment designed to strengthen the  chest, shoulders, and triceps by simulating a bench press movement while providing stability and support.",https://www.youtube.com/watch?v=TqR3Le8Ta2w,Medium,4,12,3,60,Main
149,dumbbell flye,middle chest,male,Muscle gain,Gym,"The Dumbbell Flye is a  chest exercise where you lie on a bench, holding a dumbbell in each hand, and lower your arms in a wide arc before bringing them back together, keeping a slight bend in your elbows.",https://www.youtube.com/watch?v=JFm8KbhjibM,Medium,4,12,3,60,Main
150,barbell bench press,middle chest; shoulder; tricep; bicep,male; female,Muscle gain,Gym,"Lie on a flat bench, holding a barbell above your  chest. Lower the barbell to your  chest, then press it back up. Focus on your  chest, triceps, and front delts.",https://www.youtube.com/watch?v=hWbUlkb5Ms4,Medium,3,12,3,60,Main
151,decline barbell bench press,lower chest; shoulder; tricep,male,Muscle gain,Gym,"Lie on a decline bench with a barbell held above your  chest. This focuses on: Lower  chest, triceps.",https://www.youtube.com/watch?v=UH3w618WAAc&t=6s,Difficulty,3,12,3,60,Main
152,straight arm dumbbell pullover,lower chest; shoulder; tricep,male,Muscle gain,Gym,"Lower the barbell towards your  chest, then press it back up.",https://www.youtube.com/watch?v=T8DM2kKzT_0,Medium,3,12,3,60,Main
153,overhead press,shoulder; upper back; tricep,male,Muscle gain; Endurance,Gym,"Lie on a flat bench, holding a barbell above your  chest. Press the barbell straight up until your arms are fully extended. Focus on your shoulders, triceps, and upper  chest.",https://www.tiktok.com/@infinityacademyvn/video/7340688622670204178,Difficulty,3,12,3,60,Main
154,chest dips,lower chest; shoulder; tricep,male,Mucle gain; Endurance,"Gym
"," chest dips are a bodyweight exercise primarily targeting the  chest muscles, especially the lower  chest. To perform, grip parallel bars or a sturdy chair, lower your body until your elbows form a 90-degree angle, then push back up.",https://www.youtube.com/watch?v=2HYAeF6o7Bc,Difficulty,4,12,3,60,Main
155,incline dumbbell press,upper chest; shoulder; tricep,male,Muscle gain,Gym,The Incline Dumbbell Press is a  chest exercise that primarily targets the upper  chest muscles. It involves lying on an incline bench and pressing a dumbbell in each hand upwards. This exercise also works the shoulders and triceps.,https://www.youtube.com/watch?v=oZVCBM9f8Eo,Medium,4,12,3,60,Main
156,incline barbell bench press,upper chest; shoulder; tricep,male,Muscle gain,Gym,"The Incline Barbell Bench Press is a  chest exercise that targets the upper portion of the pectoral muscles. Performed on an incline bench, this movement also engages the shoulders and triceps as you press the barbell upwards from the  chest. It's excellent for building upper  chest strength and mass.",https://www.youtube.com/watch?v=2jFFCy8JBU8,Medium,4,12,3,60,Main
157,decline dumbbell press,lower chest; shoulder; tricep,male,Muscle gain,Gym,"The Decline Dumbbell Press is a  chest exercise performed on a decline bench, where you press dumbbells upward from a declined angle. It primarily targets the lower portion of the pectoral muscles ( chest) while also engaging the triceps and shoulders for support. This movement helps build  chest definition and strength in the lower  chest area.",https://www.youtube.com/watch?v=_APcTa8ni3o,Medium,4,12,3,60,Main
158,incline dumbbell flyes,upper chest; shoulder; tricep,male,Muscle gain,Gym,"Incline Dumbbell Flyes is a  chest exercise performed on an incline bench. You lower the dumbbells out to the sides with a slight bend in your elbows, then bring them back together. This movement targets the upper portion of the  chest (pectorals) and also engages the shoulders and stabilizing muscles. It helps build  chest width and definition.",https://www.youtube.com/watch?v=JSDpq14vCZ8,Medium,3,12,3,60,Main
159,decline dumbbell flyes,lower chest; shoulder; tricep,male,Muscle gain,Gym,"Decline Dumbbell Flyes is an isolation exercise targeting the lower  chest. Performed on a decline bench, you hold dumbbells with a slight bend in your elbows, lowering them out to the sides in an arc motion, and then bringing them back together above your  chest. This movement stretches and contracts the lower pectoral muscles, enhancing their definition and strength",https://www.youtube.com/watch?v=HBzfHrehHj4,Difficulty,3,12,3,60,Main
160,low cable flyes,lower chest,male,Muscle gain,Gym,"Low Cable Flyes is an isolation exercise that targets the  chest muscles, particularly the pectoralis major. Using a cable machine, you start with the cables set at a low position and pull them upward in an arc, keeping a slight bend in your elbows. This motion emphasizes the inner  chest and helps improve muscle definition and stability. It's commonly used to enhance the overall shape of the  chest.",https://www.tiktok.com/@renshawspt_official/video/7199073211575848235,Medium,4,12,3,60,Main
161,high cable flyes,middle chest,male,Muscle gain,Gym,"High Cable Flyes is an exercise that targets the upper  chest and shoulders. Using a cable machine, you adjust the pulleys to a high position, grasp the handles, and pull them down and together in an arc-like motion. This movement helps isolate the pectoral muscles and enhances muscle definition while providing constant tension throughout the range of motion.",https://www.youtube.com/watch?v=Fa2d4Jr_ic8,Medium,4,12,3,60,Main
162,chest thrust,middle chest; shoulder,male; female,Muscle gain,Gym,"The Pec Deck Machine is a Gym equipment used to isolate and strengthen the  chest muscles, particularly the pectoralis major. To perform the exercise, sit on the machine with your back against the pad, grip the handles, and bring them together in front of your  chest. This movement effectively targets the inner  chest and helps improve muscle definition and size. It's suitable for both beginners and advanced lifters.",https://www.youtube.com/watch?v=g3T7LsEeDWQ,Easy,4,12,3,60,Main
163,incline push-ups,upper chest; shoulder; tricep,male; female,Mucle gain; Endurance,Gym; Home,"Incline Push-ups are a variation of standard push-ups where your hands are placed on an elevated surface, such as a bench or step. This position reduces the difficulty compared to regular push-ups and primarily targets the upper  chest (pectoralis major) and shoulders (deltoids). They also engage the core for stability. Incline push-ups are great for building strength and muscle endurance, especially for beginners or those recovering from injury.",https://www.youtube.com/watch?v=Gvm5Q29UHbk,Easy,4,12,3,60,Main
164,decline machine press,lower chest; shoulder; tricep,male,Muscle gain,Gym,"The Decline Machine Press is a strength training exercise targeting the lower portion of the pectoral muscles. Performed on a decline bench, it involves pressing a weight (usually on a machine) away from your  chest while seated. This movement emphasizes the lower  chest and helps build overall  chest strength and muscle definition. It's a safer alternative to free weights for isolating the  chest muscles.",https://www.youtube.com/watch?v=qTX2OlhSsnc,Difficulty,4,12,3,60,Main
165,smith machine bench press,middle chest; shoulder; tricep,male,Muscle gain,Gym,"The Smith Machine Bench Press is a weightlifting exercise that involves lying on a bench and pressing a barbell attached to a Smith machine. This machine stabilizes the bar, allowing for a controlled movement. It primarily targets the pectoralis major ( chest muscles), while also engaging the triceps and shoulders. Th",https://www.youtube.com/watch?v=PC91ivqIAe4,Difficulty,4,12,3,60,Main
166,smith machine incline press,upper chest; shoulder; tricep,male,Muscle gain,Gym,"The Smith Machine Incline Press is an exercise targeting the upper  chest, shoulders, and triceps. It involves lying on an inclined bench set at about 30 to 45 degrees and pressing a barbell attached to a Smith machine upward. The guided movement provides stability, making it easier to focus on the pressing motion and effectively isolate the upper pectoral muscles.",https://www.youtube.com/watch?v=OXc8Xi2tcXk,Easy,4,12,3,60,Main
167,machine  chest press,middle chest; shoulder; tricep,male; female,Muscle gain,Gym,"The Machine  chest Press is a strength training exercise performed on a specialized machine designed for  chest workouts. You sit down with your back against the support, grasp the handles, and push the weights forward until your arms are fully extended. This exercise primarily targets the pectoral muscles, while also engaging the triceps and shoulders for support. It provides stability and is ideal for beginners and those looking to isolate the  chest muscles effectively.",https://www.youtube.com/watch?v=NwzUje3z0qY,Easy,4,12,3,60,Main
168,plate squeeze press,middle chest; shoulder,male,Muscle gain,Gym; Home,"The Svend Press, or Plate Squeeze Press, is an exercise that targets the  chest and shoulders. To perform it, hold a weight plate with both hands, pressing it together in front of your  chest while extending your arms outward. The squeezing action engages the  chest muscles, while the pressing motion helps develop shoulder stability. It can be performed standing or seated and is effective for building upper body strength and enhancing muscle activation in the pectorals.",https://www.youtube.com/watch?v=cIoUZOnypS8,Easy,4,12,3,60,Main
169,resistance band  chest press,middle chest; shoulder; tricep,female,Muscle gain; Endurance,Home,"The Resistance Band  chest Press is an exercise that targets the  chest, shoulders, and triceps. To perform it, anchor a resistance band behind you at  chest level, hold the handles, and stand with your feet shoulder-width apart. Press the bands forward until your arms are fully extended, then return to the starting position. This exercise effectively mimics the motion of a bench press while providing variable resistance throughout the movement.",https://www.youtube.com/watch?v=po8JwkjexbU,Easy,4,12,3,60,Main
170,standing arm torso twist,ABS,male;female,Muscle gain,Gym;Home,"Stand with feet shoulder-width apart, knees slightly bent, holding a medicine ball (or dumbbell) in both hands. Keeping shoulders down, engage abs, bend elbows slightly and rotate torso to right until arms are in line with body",https://youtu.be/QQMri8bsjy8?si=8ZkWXPhDSge7xBh1,Easy,1,12,3,15,Warm-up
171,standing side bend ,ABS,male;female,Muscle gain,Gym;Home,"Stand with your feet shoulder width apart. Put your left hand behind your head and your right hand at your side. Bend your body to the right and lower your right hand towards the floor. Return, switch side and repeat",https://youtube.com/shorts/Vko-SJok-fk?si=7mbL62Amk-X_ew0l,Easy,1,12,3,15,Warm-up
172,arm circle ,shoulder,male;female,Endurance,Gym;Home,"Rotate your arm in a small circle, then gradually increase it. Warm up your shoulder muscles and arm joints",https://youtu.be/UVMEnIaY8aU?si=gTNUj4c6stBdYdal,Easy,1,20,3,15,Warm-up
173,leg swing,leg,male;female,Endurance,Gym;Home,"Stand straight, swing your legs back and forth in a front-to-back or horizontal direction. Warm up your hips and leg muscles.",https://youtu.be/E68-pMl1Im8?si=ifcD4Bp580_aVENk,Easy,1,16,3,15,Warm-up
174,hip rotation,leg,male;female,Endurance,Gym;Home,"Raise one leg and rotate your hips to move your leg to the side as if you were stepping over a fence. Put your foot down, then switch to the other foot.",https://youtube.com/shorts/f856Ja3Erss?si=6qKIM9_K25DTIcmB,Easy,1,12,3,15,Warm-up
175,shoulder circle,shoulder,male;female,Muscle gain,Gym;Home,Slowly lift your shoulders toward your ears. Roll them forward in a circular motion,https://youtu.be/shcSlZEnNp0?si=b-qhgI_OR5Yg1Qym,Easy,1,12,3,15,Warm-up
176,tricep stretch,shoulder; tricep,male;female,Endurance,Gym;Home,"Raise one arm straight overhead. Bend your elbow to bring your hand behind your head, reaching down between your shoulder blades.",https://youtu.be/zzvDO56B0HE?si=g64_CvvJcbLcfCJD,Easy,1,1,30,0,Relax
177,standing quad stretch,leg,male;female,Endurance,Gym;Home,Shift your weight onto one leg. Bend the opposite knee and bring your heel toward your buttocks. Grasp your ankle or the top of your foot with your hand.,https://youtu.be/FBO9-8nTbsM?si=O41PeNwHGj2TV9jy,Easy,1,1,30,0,Relax
178,child pose,leg;back,male;female,Endurance,Gym;Home,"Slowly lower your torso forward, reaching your arms out in front of you. Rest your forehead on the mat or floor.",https://youtu.be/nMp3MlTz9fA?si=rmrnJRQkiYMs3iRN,Easy,1,1,30,0,Relax
179,cobra pose,back,male;female,Endurance,Gym;Home,"Lie face down on the floor with your legs extended straight back, feet hip-width apart, and tops of your feet pressing into the mat. Place your hands under your shoulders with your elbows close to your body.",https://youtu.be/JDcdhTuycOI?si=EaanAp2cFXhPRbm8,Easy,1,1,30,0,Relax
180,chest opener,arm,male;female,Endurance,Gym;Home,"Stand or sit up straight with your feet hip-width apart, shoulders relaxed, and arms at your sides. Take a deep breath in to help you prepare for the stretch.",https://youtu.be/RcKjVRw-LfI?si=7KYP4VqEQL4Fz6vr,Easy,1,1,30,0,Relax
